{
  "BookResource.countGetRandomBook": 274,
  "BookResource.timeGetRandomBook": {
    "p99": 1014.066566,
    "min": 18.458872,
    "max": 1014.28636,
    "mean": 587.7500411272563,
    "p50": 576.884334,
    "p999": 1014.28636,
    "stddev": 285.88828298456485,
    "p95": 994.982235,
    "p98": 1014.066566,
    "p75": 853.727789,
    "count": 274,
    "meanRate": 0.6484994811976507,
    "oneMinRate": 0.6140485447801801,
    "fiveMinRate": 0.6285496448252238,
    "fifteenMinRate": 0.6165465198104992
  }
}
